3002413;BosseBus;2023-12-05 15:12
3002414;BosseBus;2023-12-05 15:12
3002416;BosseBus;2023-12-05 15:12
3002423;BosseBus;2023-12-12 14:43:04
3002424;BosseBus;2023-12-12 14:47:51
3002425;BosseBus;2023-12-12 14:50:39
3002426;BosseBus;2023-12-12 14:50:49
3002427;BosseBus;2023-12-12 14:51:11
3002428;BosseBus;2023-12-12 14:53:02
3002429;BosseBus;2023-12-12 14:54:07
3002430;BosseBus;2023-12-12 14:54:11
3002431;BosseBus;2023-12-12 14:54:38
3002432;BosseBus;2023-12-12 14:55:49
3002433;BosseBus;2023-12-12 14:56:18
3002434;BosseBus;2023-12-12 14:58:42
